date,Topic0,Topic1,Topic2,Topic3,Topic4,Anger,Disgust,Fear,Joy,Sadness,Surprise,Trust,Anticipation,Angry,Happy,Satisfaction,Stress,close,open
5/17/2018,0.093281854,0.061073454,0.335793069,0.273733817,0.259621487,0.059909651,0.019369519,0.08836804,0.265796923,0.052340999,0.163709142,0.314412228,0.036093497,0.279170907,0.910744285,0.769344941,0.137306618,96.18,96.01
5/18/2018,0.08808003,0.06532631,0.348431993,0.249708164,0.275569042,0.072693728,0.020248332,0.085463956,0.259204143,0.063463498,0.160150963,0.29736535,0.04141003,0.289726204,0.878336566,0.769449272,0.164458279,96.36,96.2575
5/19/2018,0.079040301,0.063816136,0.400042855,0.286575191,0.194701266,0.093180705,0.023748491,0.083526162,0.23737291,0.061448842,0.155751277,0.306405384,0.038566231,0.315697117,0.861703772,0.74792631,0.163309152,96.67,96.505
5/20/2018,0.097350438,0.069444269,0.39690403,0.274803073,0.187789225,0.090234986,0.023643544,0.082765358,0.234824408,0.072627218,0.152723848,0.30642393,0.036756706,0.312546198,0.858374186,0.762289203,0.166480775,96.98,97
5/21/2018,0.08803465,0.067256598,0.32460018,0.255091871,0.297108841,0.074166966,0.021515568,0.082462144,0.26367271,0.060031684,0.15878225,0.3006504,0.038718277,0.278062385,0.883099987,0.770930371,0.15379157,97.6,97.68
5/22/2018,0.088658391,0.066257434,0.344740297,0.256878218,0.274783718,0.076677509,0.023778169,0.081141121,0.271272547,0.057578723,0.151756346,0.30124059,0.036554995,0.291461629,0.887009717,0.766669115,0.143566032,97.5,96.71
5/23/2018,0.093107121,0.071268774,0.336434854,0.249540932,0.284462072,0.085350808,0.025043399,0.086103422,0.254804918,0.057416346,0.152474469,0.300923592,0.037883045,0.304937628,0.869771162,0.741004039,0.168070825,98.66,98.725
5/24/2018,0.086100152,0.068016792,0.337901571,0.247584877,0.293158549,0.070297923,0.023532371,0.091498471,0.257690413,0.057701104,0.148237807,0.313875301,0.03716661,0.291379093,0.878918657,0.756900552,0.163334056,98.31,98.3
5/25/2018,0.09810092,0.064415208,0.332673773,0.258904282,0.272936662,0.070931829,0.021960015,0.087661941,0.258631186,0.068134594,0.156249658,0.29840473,0.038026047,0.276805288,0.878305488,0.764979408,0.164489525,98.36,98.2425
5/26/2018,0.096599576,0.061490195,0.356915154,0.292678214,0.21955096,0.084669517,0.021105634,0.094226608,0.257656341,0.065754022,0.159310698,0.279166202,0.038110977,0.288079325,0.876591683,0.750968605,0.168986299,98.31625,98.185
5/27/2018,0.093094156,0.064684695,0.401022658,0.286232945,0.177228837,0.093971368,0.021135999,0.079192813,0.236424574,0.07059817,0.153878124,0.309583686,0.035215261,0.313234209,0.863339716,0.755905324,0.172506531,98.2725,98.07
5/28/2018,0.10970222,0.064238483,0.342304938,0.277326042,0.22477222,0.073098381,0.021084592,0.086725823,0.253058436,0.068219615,0.172023429,0.287102326,0.038687399,0.277804048,0.885503485,0.746038902,0.173209369,98.185,97.84
5/29/2018,0.100225752,0.078141364,0.369830633,0.268208647,0.20672724,0.06583372,0.02275487,0.092675598,0.222466129,0.06634237,0.16933705,0.326979152,0.033611114,0.292765886,0.891078767,0.758739993,0.16017457,98.01,98.31
5/30/2018,0.090655137,0.068651712,0.303525527,0.29446637,0.264008683,0.064575338,0.024223506,0.09030528,0.241687211,0.066532871,0.164179462,0.310811948,0.037684384,0.281155026,0.876691157,0.752931048,0.169285884,98.95,99.29
5/31/2018,0.110963683,0.076205427,0.332782083,0.281050448,0.222268213,0.062137625,0.02986312,0.090351351,0.223176742,0.061848139,0.15707005,0.343845309,0.031707665,0.297962159,0.892798336,0.754521421,0.153090895,98.84,99.2798
6/1/2018,0.115576673,0.072500909,0.347009666,0.285688825,0.193406694,0.069003208,0.029213772,0.08892446,0.204624127,0.062856433,0.159699523,0.353274568,0.032403909,0.314081043,0.883780264,0.760376881,0.14623424,100.79,99.77485
6/2/2018,0.099746523,0.07109288,0.347752355,0.329058899,0.174649579,0.069564886,0.026404007,0.095105562,0.203840538,0.065332443,0.161325204,0.343979339,0.034448022,0.296907206,0.886979881,0.752698333,0.163860011,101.01,100.2699
6/3/2018,0.083523386,0.068436863,0.246501346,0.482275272,0.150954558,0.052308715,0.019578598,0.094383325,0.203803411,0.067846957,0.169619022,0.348765076,0.043694895,0.286497545,0.890434832,0.767151126,0.175516119,101.23,101.26
6/4/2018,0.076560628,0.068305497,0.194780265,0.509871162,0.177306453,0.045336677,0.018816846,0.091538237,0.205192835,0.072802517,0.175709116,0.344996748,0.045607022,0.273808066,0.891277729,0.774258107,0.172277875,101.67,102
6/5/2018,0.085112617,0.074684866,0.226251627,0.430176928,0.222543212,0.052599507,0.021971094,0.095926389,0.215419755,0.060301336,0.163582954,0.350723555,0.03947541,0.274667687,0.90669382,0.770469002,0.160641729,102.19,102.48
6/6/2018,0.095487326,0.066815304,0.217346802,0.368128559,0.282487076,0.05041219,0.021472978,0.093935999,0.230260783,0.058906953,0.17034178,0.330474187,0.044195129,0.279265653,0.899376949,0.76538251,0.158053311,102.49,102.65
6/7/2018,0.100110556,0.064022723,0.251102902,0.326298955,0.287632881,0.052263861,0.020325141,0.093931617,0.241370335,0.057908225,0.172138494,0.320685921,0.041376405,0.267342096,0.899573987,0.771370292,0.148967736,100.88,101.0924
6/8/2018,0.093703025,0.065707651,0.277608905,0.3219343,0.267392747,0.060984306,0.021413905,0.091122345,0.241150803,0.05557727,0.170641174,0.315126588,0.043983609,0.285795966,0.889235527,0.76351127,0.163429482,101.63,101.1618
6/9/2018,0.103236571,0.06573843,0.351374556,0.288350184,0.22056407,0.065355269,0.021441748,0.083193332,0.241511117,0.062503956,0.17313893,0.293809176,0.059046474,0.295182101,0.869981292,0.770830972,0.172810722,101.485,101.2312
6/10/2018,0.088154997,0.061065026,0.443853289,0.250919961,0.169733147,0.047044223,0.014035605,0.073610703,0.217549623,0.073419618,0.221054403,0.260419915,0.09286591,0.284988157,0.853951401,0.786893538,0.178840862,101.34,101.37
6/11/2018,0.094273434,0.060536417,0.324767137,0.296173868,0.24549008,0.055134905,0.019219358,0.081729146,0.237186106,0.064876574,0.187711672,0.299696368,0.054445867,0.273398173,0.881840757,0.772963754,0.16254628,101.05,101.1
6/12/2018,0.093001584,0.065302897,0.302334719,0.284475073,0.284373627,0.062124817,0.018708323,0.078592006,0.275964625,0.055418934,0.157865667,0.312257159,0.039068471,0.274139375,0.906482002,0.789391131,0.132916331,101.31,101.72
6/13/2018,0.093879791,0.065483405,0.316924881,0.257113783,0.294603748,0.065539972,0.018735537,0.078580748,0.26981771,0.05548552,0.166911333,0.301026554,0.043902624,0.27884164,0.893169662,0.782430706,0.148771357,100.85,101.65
6/14/2018,0.094314306,0.067621055,0.28541556,0.279028904,0.299465541,0.064560729,0.021260685,0.08241073,0.254398984,0.056372914,0.168408471,0.308532847,0.04405464,0.288947714,0.891556902,0.767764672,0.150824035,101.42,101.51
6/15/2018,0.093146107,0.073424351,0.293274969,0.286465709,0.281011621,0.062934683,0.0209836,0.083994748,0.245485699,0.061562269,0.179440669,0.304530084,0.041068246,0.288061168,0.885209309,0.761686966,0.154670115,100.13,101.135
6/16/2018,0.107408717,0.066662071,0.354332594,0.267113102,0.231955641,0.073234599,0.027436253,0.086182535,0.241250444,0.061718809,0.154984218,0.308929426,0.046263717,0.291816687,0.870108296,0.748359061,0.176337519,100.3125,100.76
6/17/2018,0.087207613,0.062138715,0.347463499,0.308005845,0.222504364,0.081264643,0.025106524,0.096532503,0.243231627,0.06932437,0.148087664,0.299971959,0.036480712,0.301120657,0.853097142,0.725253917,0.203904801,100.495,100.01
6/18/2018,0.096181444,0.064136789,0.2688358,0.284427844,0.315819067,0.059417896,0.028170308,0.098920755,0.24912467,0.054930903,0.158381696,0.314422767,0.036631003,0.284979243,0.891229,0.746745678,0.166367712,100.86,99.65
6/19/2018,0.092832802,0.065612343,0.272250821,0.276918056,0.315937443,0.059059253,0.029235083,0.096816925,0.241723585,0.053287394,0.154338764,0.325493794,0.040045199,0.292425665,0.888830576,0.756502585,0.159166042,100.86,101.37
6/20/2018,0.092824248,0.06762456,0.26786365,0.274500249,0.325848679,0.057091014,0.026410906,0.100100739,0.232274145,0.055151901,0.148703512,0.342373097,0.037894687,0.282761454,0.894249389,0.760764037,0.167648004,101.87,102.075
6/21/2018,0.082160083,0.075082968,0.331952396,0.280798457,0.254909917,0.07031028,0.027758285,0.090162935,0.2448675,0.058693958,0.156662134,0.315230679,0.036314229,0.298484149,0.882689171,0.757590233,0.162973036,101.14,100.41
6/22/2018,0.098433237,0.074703723,0.285686744,0.259103727,0.307479197,0.05946537,0.025860972,0.091661307,0.248374429,0.052078537,0.166543681,0.319768862,0.036246841,0.286836589,0.901386973,0.762653843,0.145301501,100.41,100.3075
6/23/2018,0.09115955,0.069469691,0.331401694,0.306830266,0.23059585,0.073964432,0.025430813,0.088026765,0.236046054,0.064737929,0.167662111,0.30456318,0.039568715,0.284621357,0.897568173,0.75290469,0.162042902,99.905,100.205
6/24/2018,0.096775676,0.064390451,0.330216957,0.288724728,0.24107545,0.069536683,0.027363805,0.096242332,0.239893334,0.057998693,0.155010567,0.31735244,0.036602146,0.29439303,0.880048479,0.755434264,0.162200477,99.4,100
6/25/2018,0.093170479,0.100029812,0.265425155,0.231013623,0.335521837,0.054791139,0.021163746,0.091080582,0.299987725,0.050348242,0.149848295,0.295875693,0.036904571,0.264824102,0.91408832,0.787290886,0.130770895,98.39,98.82
6/26/2018,0.08942004,0.07859411,0.259522538,0.229478671,0.375200536,0.050142809,0.025774141,0.09580447,0.259074442,0.052061022,0.159320695,0.31841956,0.039402863,0.273541532,0.905402553,0.768151742,0.147679598,99.08,99.58
6/27/2018,0.079890307,0.158313981,0.223605116,0.208258867,0.355469151,0.049499913,0.018024891,0.079664097,0.369980674,0.049177032,0.13729484,0.256874823,0.039483719,0.23051359,0.90624799,0.807696611,0.129394936,97.54,97.38
6/28/2018,0.086507272,0.082637278,0.281196385,0.241310882,0.335351313,0.057147132,0.024141023,0.092174875,0.276591424,0.053353593,0.162682317,0.295008293,0.03890134,0.263264243,0.904302777,0.76998213,0.143770147,98.63,98.93
6/29/2018,0.086292982,0.078000501,0.293176816,0.25526859,0.315908855,0.059016838,0.019880531,0.093178947,0.2517167,0.058695609,0.161103351,0.316337426,0.0400706,0.273364971,0.896612526,0.769886154,0.161454783,98.61,98.7225
6/30/2018,0.120827722,0.138135191,0.268746043,0.27111169,0.22334239,0.058118338,0.022079885,0.128740661,0.232198902,0.061332247,0.176232524,0.285708034,0.035589402,0.258372841,0.903852401,0.737934552,0.194622995,98.96,98.515
7/1/2018,0.13471495,0.087023148,0.235668107,0.319853697,0.238567155,0.047841654,0.018787937,0.073939753,0.310040146,0.047379697,0.1997839,0.269555229,0.032671686,0.272448416,0.927622193,0.782655569,0.114470834,99.31,98.1
7/2/2018,0.099297869,0.090221907,0.258137492,0.278673666,0.304254274,0.057452684,0.027087682,0.094316211,0.273377977,0.055816803,0.160233273,0.298591825,0.033123536,0.262008926,0.909994957,0.757292339,0.155596791,100.01,100.48
7/3/2018,0.088441682,0.075625305,0.296185869,0.267812602,0.299027009,0.058846334,0.024290477,0.091330392,0.257758143,0.057595461,0.15692807,0.312915164,0.040335953,0.265238709,0.901472201,0.773168732,0.158793847,99.05,99.99
7/4/2018,0.110063685,0.074868,0.285767259,0.247760998,0.310690181,0.069621864,0.022789322,0.095451554,0.235358931,0.054262931,0.172188944,0.312852515,0.037473938,0.288415403,0.892494651,0.74829645,0.156639305,99.405,99.5
7/5/2018,0.100838291,0.066779336,0.317593265,0.283951361,0.261822316,0.058979516,0.019171643,0.086676494,0.230519011,0.065411219,0.174381532,0.325706868,0.039153717,0.281074338,0.894270387,0.77097784,0.154649965,99.76,99.885
7/6/2018,0.086590306,0.067921982,0.316018101,0.278288954,0.274820345,0.068231523,0.023097686,0.085458785,0.25632585,0.05957391,0.162669365,0.305664222,0.038978658,0.283750075,0.88734453,0.766257657,0.156450499,101.16,100.32505
7/7/2018,0.103837203,0.075054382,0.345602891,0.29179723,0.217018776,0.065712415,0.022224154,0.093073863,0.239021155,0.075215839,0.168168896,0.300819669,0.035764005,0.281128104,0.873752923,0.7655424,0.188053623,101.3325,100.7651
7/8/2018,0.11035723,0.081524835,0.33897394,0.281130875,0.231058083,0.084823239,0.022969151,0.085763182,0.257139001,0.074066975,0.141169041,0.298043553,0.036025858,0.292033742,0.853626133,0.75321203,0.184321931,101.505,101.6452
7/9/2018,0.11416763,0.076487251,0.284516437,0.299880612,0.254602816,0.06231596,0.020182365,0.089614147,0.232076084,0.057318639,0.18675576,0.309242196,0.042494849,0.284909367,0.896475554,0.763351319,0.147079005,101.85,102
7/10/2018,0.118359356,0.072369206,0.259144134,0.292833259,0.282635927,0.048356084,0.021099421,0.084034212,0.254466088,0.050841353,0.186209148,0.307869875,0.047123819,0.271529277,0.915715848,0.78411094,0.138207063,102.12,101.15
7/11/2018,0.095527663,0.070783808,0.314434074,0.27224972,0.285646982,0.075594961,0.024340974,0.090918851,0.257475384,0.055170118,0.153353493,0.30329378,0.03985244,0.297054715,0.874454437,0.751083342,0.168905182,101.98,102.77
7/12/2018,0.113022287,0.06566998,0.280223605,0.278926798,0.296608228,0.063679502,0.022685244,0.085900186,0.255233103,0.054276208,0.157652951,0.310011109,0.050561699,0.292320243,0.881177074,0.76557106,0.162815386,104.19,104.37
7/13/2018,0.208092479,0.123889618,0.187864065,0.172373133,0.328525495,0.053575161,0.039615259,0.225522626,0.192857165,0.043359755,0.125863612,0.290753619,0.02845281,0.181067477,0.924841669,0.582299515,0.1915356,105.43,104.6275
7/14/2018,0.167836917,0.098461111,0.245566306,0.21273242,0.301416634,0.063414425,0.029714345,0.16814079,0.194602332,0.051943747,0.137305581,0.315983746,0.038895035,0.244639649,0.907330633,0.651733019,0.184453233,105.3,104.885
7/15/2018,0.120635817,0.081513966,0.296152726,0.236264532,0.294874382,0.064612111,0.022434971,0.109600522,0.224042875,0.054717979,0.15332004,0.334054595,0.037216908,0.271054004,0.906360362,0.735579293,0.159487112,105.17,105.4
7/16/2018,0.200270665,0.085665316,0.198782535,0.177444387,0.357226313,0.039898186,0.019375699,0.146118043,0.291707332,0.044863376,0.147416371,0.272362955,0.038258054,0.22296278,0.929613266,0.7192849,0.296610899,104.91,104.61
7/17/2018,0.122379565,0.070430669,0.209724881,0.227459246,0.39885529,0.042504545,0.019120395,0.099322932,0.276190086,0.045155882,0.160844929,0.311906277,0.044954957,0.25022566,0.918288081,0.779981657,0.155740025,105.95,105.94
7/18/2018,0.12298671,0.067030441,0.24445799,0.26438306,0.33052868,0.0521198,0.018532093,0.088114881,0.261262433,0.053581138,0.169766965,0.315253336,0.041369353,0.261032835,0.910713137,0.777142116,0.140215491,105.12,104.93
7/19/2018,0.105062813,0.067217326,0.26931655,0.272408591,0.309528339,0.0535086,0.021121437,0.091955354,0.247503487,0.057026435,0.163928648,0.325282926,0.039673115,0.274348116,0.907717606,0.771799906,0.153725479,104.4,108.08
7/20/2018,0.095114455,0.068894194,0.279832268,0.281021846,0.305731391,0.056032741,0.028485399,0.096519676,0.233652947,0.057085769,0.166064618,0.324579161,0.037579689,0.281188755,0.891301497,0.756044435,0.163647642,106.27,107.635
7/21/2018,0.10886037,0.068955844,0.298834363,0.297444841,0.251600702,0.071758112,0.028997547,0.090299785,0.217250734,0.062953359,0.15678397,0.334438315,0.037518178,0.294190956,0.872674401,0.75095809,0.169205569,106.695,107.19
7/22/2018,0.110733743,0.078024539,0.316918077,0.28184924,0.257055439,0.065391944,0.026650737,0.109498135,0.230055642,0.064810637,0.153059313,0.307456987,0.043076608,0.275811382,0.866235195,0.74720063,0.208202838,107.12,106.3
7/23/2018,0.094438339,0.072677695,0.265214457,0.284709703,0.322982651,0.062900621,0.023644967,0.090525732,0.255466652,0.055311355,0.153480077,0.317295286,0.04137531,0.275999774,0.903040532,0.776998879,0.150244154,107.97,108.57
7/24/2018,0.076584158,0.05483895,0.249983931,0.21156954,0.433655144,0.054046254,0.024606265,0.107032971,0.257361104,0.043192625,0.1532402,0.330750219,0.029770367,0.235561936,0.926157934,0.730651897,0.170489546,107.66,107.955
7/25/2018,0.080995176,0.061252725,0.274506832,0.2824844,0.322739922,0.057486888,0.020057093,0.092019908,0.266446093,0.054275579,0.164315852,0.308573025,0.036825559,0.257540037,0.901492143,0.758844215,0.161153782,110.83,110.74
7/26/2018,0.092256082,0.067927017,0.2658679,0.259163049,0.344405111,0.055211453,0.021970483,0.096743757,0.247950736,0.060099302,0.162640103,0.318360565,0.037023601,0.275270253,0.907154085,0.751677877,0.161619713,109.62,110.18
7/27/2018,0.097222631,0.066550909,0.282867422,0.268381213,0.312955936,0.06016906,0.021463302,0.095710095,0.251380511,0.059089859,0.168571975,0.307006828,0.036608369,0.275504676,0.901951536,0.754802848,0.161084478,107.68,109.4325
7/28/2018,0.102824513,0.071481686,0.317673251,0.288766538,0.263596253,0.066508325,0.023802253,0.09931714,0.233458143,0.057363554,0.151828781,0.32685662,0.040865184,0.282005076,0.900491023,0.757450489,0.164701618,107.1025,108.685
7/29/2018,0.094472905,0.071772342,0.341177371,0.2794732,0.245585373,0.079189381,0.025309984,0.094510743,0.217507621,0.063168287,0.167556638,0.315465371,0.037291973,0.321539684,0.868641628,0.735582914,0.169946848,106.525,107.19
7/30/2018,0.087818005,0.065797568,0.292052766,0.27656854,0.312186303,0.074506725,0.025328987,0.088523837,0.255962002,0.05738,0.146288763,0.315891816,0.036117869,0.289207565,0.888809875,0.752992478,0.151157299,105.37,106.49
7/31/2018,0.096960471,0.067305356,0.313865598,0.260844204,0.293436771,0.069569802,0.028123715,0.093901241,0.23693763,0.061855319,0.150651477,0.321039896,0.037920919,0.293358216,0.883233186,0.749855669,0.167656076,106.08,106.03
8/1/2018,0.097160454,0.066317784,0.277638177,0.275905658,0.31851489,0.059197766,0.01877033,0.085515897,0.276102125,0.052892086,0.160982934,0.310238556,0.036300306,0.265148463,0.902048268,0.777334252,0.143511621,106.28,105.4
8/2/2018,0.107280251,0.065370621,0.297180709,0.289907169,0.275193682,0.06850799,0.026259667,0.085009632,0.231208281,0.0616786,0.166193881,0.32153486,0.039607091,0.303239676,0.87974094,0.742819512,0.164725032,107.57,107.8
8/3/2018,0.101006121,0.068720863,0.269428024,0.288369179,0.29981325,0.054466338,0.026696444,0.097547244,0.243585607,0.057032983,0.164598155,0.315328244,0.040744987,0.28634078,0.894020005,0.74757198,0.158229789,108.04,107.88
8/4/2018,0.111676857,0.072428532,0.3265236,0.307972052,0.223427071,0.059250891,0.024455386,0.091753796,0.245379003,0.061533568,0.157430242,0.324737787,0.035459328,0.275202671,0.896735731,0.764978251,0.16703026,108.0625,107.96
8/5/2018,0.095869058,0.088276086,0.342471846,0.31928795,0.205252226,0.07331851,0.030911796,0.099852475,0.215937518,0.070678491,0.148950711,0.326506004,0.033844496,0.294378472,0.878172923,0.728815181,0.191539624,108.085,108.12
8/6/2018,0.08744531,0.065623253,0.316989047,0.300817609,0.255785065,0.059902718,0.023331413,0.089810508,0.236691122,0.05975829,0.167522391,0.324559892,0.038423665,0.277833189,0.897625921,0.771748547,0.158123362,108.13,108.56
8/7/2018,0.105172433,0.073599895,0.296920908,0.287008471,0.260802068,0.061446025,0.022882464,0.085272467,0.23758477,0.066381952,0.182404894,0.302671648,0.041355782,0.280618973,0.889312662,0.759743968,0.160143176,108.88,109.33
8/8/2018,0.096792396,0.065440086,0.297857745,0.257214037,0.30748435,0.055193792,0.021573971,0.097388084,0.253630831,0.056299776,0.173955265,0.300370437,0.041587843,0.276561509,0.897504397,0.754628366,0.152888887,109.49,109.71
8/9/2018,0.091584961,0.060435537,0.300999063,0.276515541,0.294205391,0.061119221,0.026758708,0.100595174,0.238923612,0.057686935,0.1557039,0.322897083,0.036315366,0.282962864,0.892063989,0.750450423,0.165404628,109.67,109.42
8/10/2018,0.103546637,0.068688619,0.306873842,0.279609555,0.272702254,0.064166818,0.021619315,0.091636051,0.244533199,0.059853641,0.152574914,0.322633127,0.042982938,0.287900947,0.882824162,0.766804424,0.15951593,109,109.375
8/11/2018,0.103573809,0.068404252,0.31075586,0.33253104,0.219882784,0.06477466,0.024713491,0.090476239,0.230195621,0.061052224,0.168530978,0.323529094,0.036727693,0.292131747,0.894856553,0.76645239,0.158268662,108.8025,109.33
8/12/2018,0.089333288,0.071201559,0.363422188,0.273655652,0.227891542,0.077075692,0.02888426,0.088685047,0.231661458,0.072681442,0.158202279,0.303774174,0.03903565,0.294965793,0.869713714,0.756491857,0.167579884,108.605,109.24
8/13/2018,0.09833994,0.068033572,0.273409802,0.280125508,0.314721512,0.06636834,0.024558019,0.09545718,0.234916369,0.056810159,0.155801996,0.328948202,0.037139732,0.301141491,0.88364639,0.754898648,0.168694941,108.21,108.56
8/14/2018,0.10060513,0.066018112,0.282754564,0.288543367,0.30196182,0.062562821,0.022042358,0.089259293,0.259117799,0.055035689,0.147841156,0.325217739,0.038923144,0.284867208,0.895669758,0.783937576,0.139225977,109.56,108.49
8/15/2018,0.107413662,0.078079008,0.367037579,0.252493737,0.230058973,0.092491084,0.022889775,0.083466377,0.220686208,0.068438847,0.146423609,0.332530606,0.033073493,0.310913697,0.853398506,0.742141148,0.180369837,107.66,108.3
8/16/2018,0.109516716,0.065746128,0.30386402,0.270937746,0.28051448,0.06850035,0.01999477,0.09448565,0.256763343,0.049256074,0.151485932,0.322556164,0.036957713,0.282315445,0.898676956,0.75977763,0.150501695,107.64,107.36
8/17/2018,0.101663743,0.065787056,0.293542112,0.272299358,0.304718838,0.065233061,0.02190191,0.094984753,0.250719289,0.057450491,0.15402518,0.31719613,0.038489185,0.283294626,0.896863164,0.769329581,0.158208258,107.58,107.3975
8/18/2018,0.102999058,0.067056004,0.338932968,0.277383707,0.247537872,0.066651213,0.022144151,0.092555673,0.254557941,0.064310596,0.154213274,0.311495459,0.034071693,0.276159632,0.892731339,0.759663445,0.162498709,107.4025,107.435
8/19/2018,0.10540001,0.072137488,0.350994794,0.287276129,0.211239744,0.075701985,0.021640538,0.085907159,0.243723759,0.056248704,0.167653685,0.31530801,0.033816164,0.30080969,0.894440609,0.758700207,0.137578095,107.225,107.51
8/20/2018,0.100099239,0.060215452,0.325395599,0.272784697,0.263176823,0.076387976,0.024912221,0.09883008,0.224819907,0.054993798,0.158407504,0.323170119,0.038478397,0.311267331,0.882191665,0.742718435,0.160636848,106.87,106.92
8/21/2018,0.117195539,0.061638784,0.298842287,0.27646403,0.270766404,0.056598032,0.027335357,0.109473836,0.229820118,0.053222855,0.16527737,0.323514384,0.03475805,0.279390466,0.8998089,0.730383559,0.174506225,105.98,105.85
8/22/2018,0.103379341,0.061478037,0.274451224,0.289105969,0.298478608,0.05477677,0.023500897,0.095827373,0.239212462,0.061791441,0.161112129,0.327732958,0.03604597,0.275135629,0.899204396,0.751138371,0.168501444,107.06,107.15
8/23/2018,0.112375656,0.069159508,0.285261367,0.277674398,0.285765052,0.05642145,0.022325781,0.090407919,0.242407635,0.056163002,0.168942501,0.324662577,0.038669132,0.272774095,0.905696587,0.762760223,0.152212374,107.56,107.67
8/24/2018,0.110218847,0.070023328,0.306905014,0.291320614,0.252968711,0.059406585,0.021449988,0.089500962,0.241888319,0.059570429,0.171978603,0.316687545,0.039517568,0.274748293,0.900930885,0.766711252,0.155711249,108.4,108.07
8/25/2018,0.108429939,0.063542433,0.338490269,0.298505238,0.216242135,0.067803653,0.019273846,0.097694855,0.232142613,0.068051239,0.164670558,0.313657491,0.036705742,0.273795123,0.883149469,0.739775134,0.173671774,108.7,108.47
8/26/2018,0.09897873,0.064222002,0.390412113,0.265346553,0.211495902,0.074120892,0.025258318,0.090148305,0.222312623,0.070727929,0.168055246,0.308511722,0.04086497,0.293894713,0.865492271,0.739728203,0.184508423,109,109.27
8/27/2018,0.100974409,0.066300967,0.28310105,0.279651477,0.295066774,0.061293298,0.022714843,0.089757085,0.251031575,0.053828667,0.15195617,0.332999704,0.036418656,0.292322223,0.896995343,0.768955193,0.14460642,109.6,109.94
8/28/2018,0.09266554,0.066170009,0.309042217,0.294419968,0.26952407,0.063859165,0.021669298,0.090637496,0.245603457,0.061767964,0.150401084,0.330567644,0.035493891,0.283147838,0.889085286,0.765703786,0.161638966,110.26,110.45
8/29/2018,0.094577012,0.064574988,0.30566322,0.293046035,0.274062874,0.066338563,0.023454834,0.084959408,0.258192545,0.066592034,0.152513962,0.307121696,0.040826957,0.283390439,0.877911746,0.76225058,0.172867635,112.02,111.67
8/30/2018,0.103387376,0.065735358,0.267793914,0.298586524,0.291435143,0.050384829,0.02408007,0.092981563,0.252462389,0.054527978,0.157611125,0.330282662,0.037669385,0.272479745,0.905492121,0.777270392,0.146483859,111.95,111.685
8/31/2018,0.108345622,0.073166713,0.289154013,0.29887827,0.267906261,0.056576173,0.024074381,0.086795725,0.26223154,0.057676588,0.159475164,0.319369087,0.033801339,0.272412817,0.908853481,0.783329375,0.143447892,112.33,111.580625
9/1/2018,0.099654995,0.072391266,0.368405877,0.300780715,0.191710017,0.072048971,0.024858595,0.085695756,0.236576733,0.070952658,0.169489009,0.305562944,0.034815339,0.292371574,0.873509142,0.755501405,0.167865986,112.2525,111.47625
9/2/2018,0.093576404,0.076979674,0.358968835,0.306680478,0.199588915,0.083644595,0.026612494,0.089192097,0.235796994,0.072136333,0.158974686,0.300402533,0.033240269,0.300982998,0.859215388,0.730647209,0.184088318,112.175,111.2675
9/3/2018,0.100045385,0.062227367,0.345455523,0.295511843,0.226863492,0.069287996,0.026950497,0.09052703,0.241287211,0.064697717,0.156803443,0.316339701,0.034106407,0.292266972,0.89018851,0.757327253,0.168501267,112.02,110.85
9/4/2018,0.097672361,0.070372662,0.340113823,0.259829614,0.266060103,0.067400924,0.022696415,0.0890553,0.259741282,0.064825625,0.153230158,0.306233629,0.036816673,0.279207629,0.891169722,0.764398578,0.164184119,111.71,111.01
9/5/2018,0.090910518,0.070776195,0.31420661,0.255519674,0.297183272,0.058091419,0.022793668,0.087899597,0.259132376,0.059988389,0.156374894,0.316285888,0.039433767,0.278112303,0.889892539,0.77224575,0.159766171,108.49,108.25
9/6/2018,0.10065654,0.061679214,0.303499581,0.262846788,0.299223952,0.064837272,0.0217984,0.089116652,0.277927885,0.05644765,0.148326515,0.306084086,0.03546154,0.272437529,0.895730606,0.767920527,0.152903179,108.74,108.23
9/7/2018,0.10074676,0.067558578,0.322039705,0.271346377,0.272980673,0.067018558,0.022408354,0.092304655,0.242961874,0.057246869,0.168366605,0.313898859,0.035794226,0.293859934,0.883969743,0.74753822,0.168714143,108.21,108.3825
9/8/2018,0.116875677,0.06955142,0.372558924,0.291154451,0.190790922,0.082460488,0.026272807,0.092997037,0.240738071,0.061213316,0.147293228,0.312340621,0.036684437,0.294921483,0.868875001,0.730571589,0.180447578,108.5025,108.535
9/9/2018,0.106872179,0.068747569,0.377092737,0.265437494,0.209718912,0.080667122,0.028289327,0.092599105,0.233257963,0.064425897,0.177984992,0.287038389,0.035737204,0.314687069,0.859414469,0.704102087,0.184961987,108.795,108.84
9/10/2018,0.110900811,0.060393487,0.283453717,0.262331468,0.309914651,0.05250887,0.019270559,0.094115711,0.261792985,0.048758315,0.161676216,0.322052951,0.039824389,0.267341625,0.91299669,0.776429299,0.146402413,109.38,108.9
9/11/2018,0.122636754,0.066026163,0.277373212,0.284794373,0.278031127,0.051559366,0.02215793,0.088631025,0.239589117,0.060245509,0.171742541,0.327601194,0.038473317,0.284116163,0.89524835,0.772128207,0.147563561,111.24,111.43
9/12/2018,0.107377974,0.065371028,0.272800425,0.323229289,0.263981957,0.069779894,0.023553956,0.097183701,0.234509668,0.057238116,0.153793696,0.328874686,0.035066283,0.288990989,0.890054774,0.754822025,0.16689516,111.71,112.12
9/13/2018,0.10323872,0.066218015,0.303089504,0.298379744,0.26274564,0.074641816,0.023250452,0.090211738,0.240777885,0.062757823,0.154478925,0.313008224,0.040873139,0.303580534,0.871266203,0.752545632,0.168091191,112.91,113.36
9/14/2018,0.106749683,0.061610772,0.307488823,0.256419824,0.300387109,0.063558253,0.021289046,0.098720992,0.24597387,0.056351973,0.150592789,0.322464208,0.041048869,0.276164875,0.888594485,0.756616765,0.170829601,113.37,113.4425
9/15/2018,0.112932081,0.057182766,0.342934751,0.277625602,0.244151003,0.068429508,0.022369817,0.092760696,0.256087647,0.054724476,0.156251052,0.300633096,0.048743704,0.302334614,0.887419774,0.754025062,0.163937886,113.0625,113.525
9/16/2018,0.100216292,0.077225033,0.38963853,0.278784392,0.187460424,0.083315497,0.023047339,0.084735218,0.22606065,0.068004642,0.158809961,0.313849762,0.042176935,0.306999801,0.860701885,0.746286257,0.170041665,112.755,113.69
9/17/2018,0.089798174,0.069641506,0.304093405,0.267737147,0.310265319,0.066514064,0.022426939,0.099058244,0.238109507,0.060809704,0.148201404,0.325961517,0.038918623,0.276427883,0.887939296,0.757339916,0.166515191,112.14,112.19
9/18/2018,0.096006818,0.073508161,0.284083232,0.268294111,0.318549957,0.06025161,0.017650339,0.085154486,0.248169302,0.060469619,0.159752665,0.32740899,0.041142989,0.27773653,0.89917771,0.779490514,0.150952269,113.21,113.05
9/19/2018,0.08833369,0.068814831,0.251213331,0.293857079,0.334682123,0.048546095,0.020992279,0.105555319,0.245592221,0.052372889,0.15910309,0.328091459,0.039746645,0.265905245,0.917785519,0.778279656,0.143250124,111.7,112.28
9/20/2018,0.095721907,0.065000727,0.277447347,0.289653245,0.297460909,0.059125659,0.020566748,0.089584854,0.239973583,0.063839428,0.152026415,0.33444655,0.04043676,0.281216277,0.89528709,0.784231195,0.154366326,113.57,114
9/21/2018,0.094306027,0.0654091,0.307222295,0.256595924,0.305078566,0.057886311,0.0211987,0.086426686,0.23287416,0.06807041,0.151666866,0.332706687,0.049170181,0.280831811,0.882667676,0.79554623,0.165780673,114.26,113.7575
9/22/2018,0.104257865,0.073558321,0.348309578,0.294218437,0.217561785,0.065162159,0.025483151,0.088054337,0.215285475,0.078798962,0.165985868,0.317934005,0.043296044,0.285872183,0.867443961,0.756496373,0.189980095,114.3625,113.515
9/23/2018,0.105610835,0.066218893,0.322734887,0.277749972,0.257179543,0.068293341,0.023459823,0.093647695,0.24472748,0.052499435,0.154050222,0.311301989,0.052020011,0.298727582,0.873220754,0.769023529,0.16527328,114.465,113.03
9/24/2018,0.111492351,0.061023328,0.21238651,0.224033957,0.427198667,0.043948148,0.01859123,0.090639101,0.254675789,0.048480141,0.160770636,0.330293163,0.052601792,0.269316749,0.91253695,0.795409105,0.141533278,114.67,114.8
9/25/2018,0.103362566,0.06324286,0.233360758,0.223648925,0.41624936,0.045634656,0.022698407,0.09114904,0.26916754,0.046616965,0.151887635,0.325349058,0.047496699,0.267415163,0.910692139,0.790627284,0.13802449,114.45,114.47
9/26/2018,0.110661704,0.06480557,0.234900291,0.226983151,0.395429023,0.053790452,0.023629589,0.093954119,0.263925891,0.04751606,0.157467685,0.316887954,0.042828251,0.271433218,0.916215757,0.771294493,0.133280291,113.98,114.78
9/27/2018,0.110648236,0.061213337,0.262304356,0.22337981,0.374506486,0.053855388,0.019189308,0.091905027,0.267713626,0.050186838,0.159331092,0.305653797,0.052164924,0.265147099,0.905026856,0.776563683,0.152192259,114.41,114.19
9/28/2018,0.115685126,0.065880229,0.257401087,0.23918162,0.357765415,0.054958855,0.019624364,0.090405584,0.25934197,0.054871425,0.157094323,0.318786763,0.044916717,0.272642223,0.901815573,0.78152526,0.138951971,114.37,114.33
9/29/2018,0.111016506,0.073698474,0.320969338,0.285138854,0.239118009,0.062537913,0.022040294,0.087987747,0.234804782,0.064576361,0.16728214,0.320450512,0.040320249,0.291472777,0.891447857,0.769680092,0.154618398,114.68,114.47
9/30/2018,0.091981737,0.061341954,0.342716044,0.293154327,0.233760522,0.075898446,0.028140004,0.100731397,0.226878978,0.065092818,0.148851211,0.31633142,0.038075727,0.304002689,0.87272988,0.736225395,0.179245377,114.99,114.75
10/1/2018,0.110902221,0.067763919,0.255323615,0.251701723,0.345150316,0.049115731,0.022736098,0.093011835,0.257229907,0.062159547,0.162430891,0.309598702,0.043717288,0.260800684,0.888952713,0.771087487,0.157472753,115.61,115.3
10/2/2018,0.126752909,0.062528163,0.262417038,0.304272639,0.264225898,0.051765275,0.017826072,0.074045949,0.25845791,0.067519657,0.185775072,0.296918173,0.047691892,0.266379454,0.898195532,0.788627977,0.143154439,115.15,115.42
10/3/2018,0.113088083,0.063942112,0.284741882,0.289784721,0.27278649,0.058891632,0.019307944,0.085983368,0.25386481,0.059297978,0.179636691,0.30040242,0.042615156,0.279003773,0.901114615,0.773781767,0.144801858,115.17,114.61
10/4/2018,0.107389773,0.071586477,0.288004335,0.286948544,0.286935183,0.062307147,0.02299644,0.088797725,0.251777328,0.059713522,0.16535962,0.308332387,0.040715829,0.285270937,0.89675691,0.769730204,0.147863856,112.79,112.63
10/5/2018,0.097601193,0.068445568,0.306659062,0.272205046,0.290062289,0.063842353,0.022512356,0.083806389,0.24896933,0.053691523,0.16485511,0.319290575,0.043032363,0.292630331,0.894343955,0.768899443,0.13896174,112.13,112.3875
10/6/2018,0.107708665,0.065931657,0.381983386,0.291944019,0.187049229,0.080649019,0.026590144,0.081568552,0.227406005,0.059471573,0.176962619,0.306126719,0.041225369,0.31983696,0.862751032,0.747619211,0.161416233,111.81,112.145
10/7/2018,0.099584197,0.071982333,0.362325649,0.31191991,0.1803917,0.073629602,0.021856229,0.084232581,0.230614071,0.071171976,0.16556811,0.315274181,0.037653251,0.292841971,0.869689873,0.761555493,0.172558033,111.49,111.66
10/8/2018,0.113677187,0.074254414,0.365437611,0.268279485,0.217663646,0.062057178,0.023119534,0.084566997,0.230672115,0.064505366,0.165300722,0.324056474,0.045721614,0.289182236,0.885437688,0.774182406,0.161644456,110.85,111.14
10/9/2018,0.108200698,0.066393133,0.312160122,0.283043465,0.272028184,0.061905614,0.026432843,0.088825644,0.252727586,0.053648092,0.167700202,0.309591974,0.039168045,0.284789453,0.899187733,0.76642885,0.146764937,112.26,111.24
10/10/2018,0.095461639,0.065969381,0.273909708,0.326452323,0.273945292,0.063512169,0.020033941,0.089247296,0.253919776,0.052318075,0.164847836,0.317042771,0.039078136,0.278144059,0.905537735,0.770479651,0.145709295,106.16,105.35
10/11/2018,0.097505187,0.066382624,0.291034903,0.29914502,0.27887202,0.068462992,0.021378564,0.089474124,0.248212837,0.058413948,0.164727146,0.305194795,0.044135594,0.281499594,0.89143253,0.763429596,0.165424539,105.91,109.01
10/12/2018,0.102127504,0.069301241,0.333831099,0.263257286,0.265171805,0.071342077,0.024841958,0.089087477,0.244740916,0.059979831,0.158826271,0.309808426,0.041373046,0.300719197,0.876989339,0.759545065,0.164834453,109.57,108.985
10/13/2018,0.101773826,0.072601953,0.336300409,0.299452638,0.227769254,0.06652827,0.021859266,0.088197229,0.232520485,0.064095543,0.164692488,0.319736963,0.042369756,0.303338513,0.882197063,0.753973507,0.159876389,109.0775,108.96
10/14/2018,0.10126399,0.06074118,0.332179262,0.265367807,0.26364465,0.075431047,0.024314875,0.106668947,0.242584129,0.06273878,0.150970779,0.295809572,0.041481872,0.286102842,0.864609136,0.73904366,0.176908992,108.585,108.91
10/15/2018,0.11528639,0.066961011,0.218523956,0.266076557,0.356392744,0.045517039,0.019911654,0.088869683,0.221035266,0.191186765,0.135939404,0.265556981,0.031983207,0.213237554,0.775380965,0.737103726,0.305257697,107.6,109.54
10/16/2018,0.129984915,0.072572954,0.241023332,0.282911712,0.304824296,0.051333609,0.020211212,0.086175159,0.240058994,0.11880515,0.149322818,0.302220253,0.031872805,0.240432568,0.848098793,0.768463663,0.213224124,111,111.68
10/17/2018,0.11841248,0.059500392,0.255239144,0.250721662,0.339189419,0.054927054,0.022613843,0.093343732,0.250244347,0.060759221,0.164974738,0.313134815,0.04000225,0.281054476,0.896241835,0.761507228,0.143353771,110.71,110.1
10/18/2018,0.106588537,0.065083492,0.274653429,0.272775565,0.311432042,0.065703844,0.023565282,0.090612622,0.244380377,0.061936274,0.168667892,0.304949,0.040184708,0.282348217,0.888465852,0.758187374,0.169223045,108.5,108.93
10/19/2018,0.097247496,0.06520962,0.291291442,0.309384886,0.266730995,0.071225292,0.022571874,0.092326935,0.24752391,0.062822676,0.15505778,0.308349317,0.040122218,0.289143483,0.877091743,0.749108124,0.180441098,108.66,109.0275
10/20/2018,0.113601024,0.065328746,0.335415967,0.270141773,0.236864935,0.07065624,0.030254475,0.092088473,0.211903676,0.071634729,0.164724442,0.314628638,0.044109329,0.30373317,0.868872615,0.735873048,0.186242902,108.9025,109.125
10/21/2018,0.099099481,0.068210998,0.322300239,0.30476117,0.229911103,0.07295868,0.027573048,0.09372378,0.206869741,0.071422015,0.187174516,0.297074831,0.043203386,0.29042385,0.879478171,0.739173023,0.176588281,109.145,109.32
10/22/2018,0.100150753,0.059651515,0.284806033,0.281180801,0.300276348,0.060983475,0.022864685,0.088661105,0.242945742,0.053985787,0.164361306,0.322434236,0.043763664,0.287942768,0.896563436,0.763266248,0.150768903,109.63,107.77
10/23/2018,0.096856126,0.069785281,0.294768759,0.261982319,0.313665259,0.063484091,0.021619163,0.094648873,0.264568032,0.059402101,0.153786257,0.301966869,0.040524613,0.26766394,0.887195353,0.766821496,0.167249832,108.1,108.41
10/24/2018,0.093598295,0.062669495,0.299768964,0.25673964,0.317719208,0.058851996,0.022431915,0.092500646,0.241635839,0.054829388,0.160037541,0.323679445,0.046033231,0.283864839,0.89444607,0.768051737,0.156406577,102.32,106.55
10/25/2018,0.101244832,0.060291971,0.296223139,0.263328424,0.310454261,0.056168736,0.0225805,0.084617444,0.244932272,0.058923584,0.173792435,0.316011776,0.04297325,0.284453695,0.89517963,0.769738692,0.147933922,108.3,105.69
10/26/2018,0.094606288,0.060714889,0.261809253,0.32804238,0.284867692,0.052236097,0.021137416,0.090605905,0.248923035,0.05630488,0.165237543,0.323013025,0.042542098,0.267620069,0.901867013,0.773949957,0.155300125,106.96,106.29375
10/27/2018,0.096467112,0.071690794,0.333622575,0.303578524,0.229167766,0.067231526,0.02882944,0.101828099,0.226994627,0.064225686,0.152035708,0.324175054,0.034679858,0.297221604,0.873112968,0.735702461,0.187258772,106.1825,106.8975
10/28/2018,0.09240265,0.070719897,0.333622437,0.342672509,0.189117908,0.068003191,0.030673744,0.089854446,0.202531314,0.066299424,0.176648913,0.328262241,0.037726728,0.312977298,0.883550993,0.734236735,0.170234718,105.405,108.105
10/29/2018,0.085359088,0.071700638,0.255103281,0.270855116,0.347375788,0.071852739,0.023338922,0.09220048,0.225372797,0.055395784,0.153287722,0.338141114,0.040410448,0.3259715,0.869718171,0.749086811,0.160892675,103.85,103.66
10/30/2018,0.083384804,0.061405881,0.249341964,0.279854214,0.348214713,0.056825922,0.02156818,0.089187456,0.247548582,0.050266505,0.16102374,0.329984809,0.043594806,0.29231448,0.895625108,0.767697475,0.147932208,103.73,105.435
10/31/2018,0.091568631,0.061435143,0.254962996,0.26398167,0.356947859,0.052056759,0.024792494,0.091458533,0.240553876,0.053839549,0.174986597,0.318083275,0.044228918,0.289682249,0.894845923,0.761289435,0.149649452,106.81,107.05
11/1/2018,0.097225133,0.067413681,0.292900601,0.279188286,0.290282839,0.060706257,0.021030569,0.082197088,0.248630099,0.062716936,0.156625753,0.328205383,0.039887914,0.282261616,0.895878521,0.787766206,0.144175311,105.92,106.48
11/2/2018,0.079477467,0.244698475,0.244956748,0.213729043,0.233204783,0.051616861,0.01828561,0.089260593,0.34011653,0.047716654,0.142677547,0.276440136,0.033886069,0.231250893,0.922037955,0.79644698,0.135423622,106.16,106.4525
11/3/2018,0.071198591,0.436566099,0.201051731,0.1676806,0.137623918,0.052449422,0.015805688,0.089279841,0.441830527,0.036926626,0.102248059,0.236125899,0.025333941,0.178853529,0.93346964,0.82765934,0.105294027,106.4975,106.425
11/4/2018,0.069220585,0.424085706,0.198680252,0.177885251,0.145797833,0.05095673,0.016606669,0.090789625,0.416997082,0.044160524,0.105671241,0.247389367,0.027428765,0.184690665,0.916534764,0.818845303,0.131122579,106.835,106.37
11/5/2018,0.093534738,0.290480547,0.187427226,0.205864986,0.239330614,0.054301281,0.018220566,0.101335505,0.361293322,0.036703918,0.113002128,0.285861168,0.029282112,0.231522141,0.927122019,0.796912686,0.120068551,107.51,107.38
11/6/2018,0.099687453,0.194907523,0.242436293,0.212877643,0.270204925,0.060133656,0.018312982,0.084746979,0.324056003,0.053284746,0.144323072,0.279660822,0.035481741,0.236389715,0.906522176,0.783491166,0.14223393,107.72,109.44
11/7/2018,0.0765454,0.218304197,0.214374492,0.220194369,0.299504556,0.048096549,0.019522589,0.093083182,0.332543515,0.044122769,0.139368877,0.284982804,0.038279717,0.230333496,0.920002564,0.794574379,0.129707768,111.96,111.8
11/8/2018,0.087130272,0.205160452,0.279983518,0.219053815,0.229812027,0.067161322,0.021319803,0.088463212,0.321335427,0.049515354,0.135326893,0.283048052,0.033829937,0.259381045,0.898104297,0.781541002,0.145531034,111.75,110.85
11/9/2018,0.093271891,0.265286416,0.234334862,0.214587981,0.221036869,0.054433049,0.017299355,0.092329334,0.349505641,0.046484527,0.131054554,0.273558662,0.035334879,0.218569992,0.918578029,0.79951747,0.134297229,109.57,110.4925
11/10/2018,0.083241858,0.341618488,0.239445893,0.193128278,0.154481165,0.053115231,0.016025314,0.08812401,0.388022039,0.044664736,0.126200158,0.25178335,0.032065164,0.204281707,0.915901378,0.808454827,0.128509989,108.895,110.135
11/11/2018,0.074242313,0.361021835,0.225865946,0.196782596,0.153622819,0.055676699,0.012384477,0.079417553,0.403625131,0.045677188,0.118606567,0.251716031,0.032896354,0.19549164,0.927678991,0.829621579,0.109736283,108.22,109.42
11/12/2018,0.096617143,0.35546441,0.178084786,0.174157252,0.210584083,0.050787612,0.017799392,0.097628502,0.402130781,0.037045481,0.105711818,0.262341519,0.026554896,0.20251513,0.93187995,0.813062244,0.11474624,106.87,107.55
11/13/2018,0.089076941,0.365646119,0.181033762,0.153339635,0.222202687,0.045956709,0.01407414,0.093386516,0.421437232,0.033617965,0.099562681,0.258170396,0.033794358,0.17731552,0.937186713,0.830094593,0.116218367,106.94,108.1
11/14/2018,0.095387587,0.193212842,0.22535366,0.199685864,0.309424858,0.057278071,0.018415925,0.085977787,0.333730931,0.043795818,0.12690709,0.295354544,0.038539837,0.241426202,0.918622977,0.81057837,0.129418536,104.97,107.28
