date,Topic0,Topic1,Topic0.1,Topic1.1,Topic2,Topic3,Topic4,Anger,Disgust,Fear,Joy,Sadness,Surprise,Trust,Anticipation,Angry,Happy,Satisfaction,Stress,close,open
5/15/2018,0.143475562,0.856524443,0.255650483,0.414681666,0.044501746,0.199060237,0.087801853,0.012011338,0.006868921,0.061210778,0.369883095,0.058906948,0.257877627,0.180696193,0.052545093,0.130098507,0.98288731,0.81432683,0.075222764,96.8,96.64
5/16/2018,0.141017483,0.858982521,0.313163719,0.365895444,0.057219075,0.20591406,0.06709087,0.013305666,0.011283845,0.064587405,0.387071318,0.060879987,0.258305758,0.163468096,0.04109793,0.133420188,0.972776707,0.775476024,0.057554399,97.19,97.55
5/17/2018,0.115485722,0.88451428,0.299228431,0.464799259,0.042780244,0.14553944,0.047652628,0.010556238,0.006700821,0.05571255,0.414861207,0.049872196,0.241370539,0.1814015,0.03952495,0.128952347,0.992488463,0.833551672,0.040995009,97.92,98.31
5/18/2018,0.114439993,0.885560006,0.269691558,0.483127059,0.050788109,0.106034724,0.090358549,0.011254434,0.011417711,0.065609642,0.343104816,0.052431767,0.231630332,0.235403559,0.049147719,0.140003025,0.986802848,0.80524803,0.048969259,97.51,98.2875
5/19/2018,0.249277403,0.750722594,0.2171886,0.275718789,0.059384193,0.186904339,0.260804084,0.009282079,0.004284641,0.035110123,0.461268573,0.034010321,0.184128132,0.235424715,0.036491407,0.190644505,0.999579009,0.868781917,1.00E-05,98.01,98.265
5/20/2018,0.126469456,0.873530546,0.382155504,0.372796809,0.04624477,0.138701027,0.060101887,0.01015766,0.00251928,0.037231663,0.453459445,0.046545488,0.253736199,0.156854295,0.039495936,0.14699474,0.999999,0.854312686,0.01589853,98.51,98.22
5/21/2018,0.137348657,0.862651348,0.2912571,0.447011835,0.047682937,0.146075188,0.06797294,0.012759874,0.008209654,0.042910122,0.373098158,0.055287779,0.277166912,0.179465919,0.051101575,0.165578092,0.954287527,0.854183104,0.062348957,99.51,99.78
5/22/2018,0.120917338,0.879082671,0.256477332,0.560734631,0.027239602,0.093306078,0.062242368,0.009576962,0.00503554,0.044347766,0.410351683,0.034424081,0.276193882,0.181995589,0.038074479,0.179006513,0.999999,0.819936933,0.006945706,99.93,99.93
5/23/2018,0.157109632,0.842890373,0.378720163,0.36832623,0.046414169,0.106500488,0.100038958,0.010864533,0.01192803,0.076461481,0.367198691,0.0477223,0.240560344,0.200576801,0.044687811,0.186412425,0.978921099,0.785838832,0.057851925,100.45,100.31
5/24/2018,0.117654648,0.882345354,0.336630513,0.395639611,0.033335984,0.191162575,0.052300063,0.01122221,0.004519831,0.062031293,0.386492596,0.055350107,0.217489601,0.202399095,0.060495251,0.122649592,0.971508002,0.871585506,0.082406672,100.18,100.18
5/25/2018,0.172210835,0.827789166,0.46674492,0.286880734,0.054490643,0.138501757,0.06054663,0.043700499,0.023737394,0.04308738,0.429988984,0.067061485,0.169819612,0.17888311,0.043721539,0.293739292,0.864905875,0.708929441,0.210920827,100.31,100.09
5/26/2018,0.186757661,0.813242347,0.451157155,0.26156743,0.061259399,0.146860098,0.079155921,0.037668558,0.020344214,0.052649213,0.355518669,0.064819141,0.227920863,0.18507567,0.056003672,0.286320627,0.892310502,0.697415672,0.168240287,100.705,100.135
5/27/2018,0.121243176,0.878756827,0.435491767,0.266600777,0.0400012,0.148283356,0.109622897,0.037467406,0.02213683,0.052958946,0.319864621,0.066359929,0.238347596,0.220703235,0.042161436,0.344166104,0.889024431,0.672555571,0.176724956,100.5075,100.09
5/28/2018,0.157328528,0.842671469,0.357193973,0.315293184,0.044726507,0.180902663,0.101883674,0.025003454,0.014622762,0.045827424,0.445436609,0.052049443,0.190267039,0.182295341,0.044497928,0.233836178,0.937629728,0.772896492,0.111971888,100.705,100
5/29/2018,0.117152759,0.882847245,0.457827631,0.348447632,0.03939395,0.092153752,0.062177039,0.009835931,0.008144394,0.057010977,0.411870496,0.056631693,0.241078244,0.162042982,0.053385288,0.159881997,0.968315489,0.840759211,0.058544595,101.1,101.66
5/30/2018,0.162219314,0.837780684,0.292520501,0.384564975,0.06477868,0.202019931,0.073440083,0.038355288,0.020663651,0.057243333,0.356316999,0.060188587,0.195896521,0.219512458,0.051823164,0.23602737,0.900178915,0.72962719,0.133354472,101.83,101.15
5/31/2018,0.183096397,0.816903602,0.294432462,0.375675781,0.068687415,0.1727708,0.104259083,0.011614114,0.004974853,0.043943243,0.443510194,0.046314154,0.228300952,0.171235067,0.050107413,0.130845553,0.993612015,0.852844507,0.018910576,100.25,100.54
6/1/2018,0.232106969,0.767893036,0.341325468,0.289350396,0.066581357,0.133073439,0.180115766,0.010180042,0.012967175,0.046969211,0.419813187,0.047921902,0.218114821,0.195089334,0.048944313,0.164848293,0.993848828,0.852105585,0.036926111,100.25,100.5975
6/2/2018,0.184267179,0.815732824,0.471402195,0.265198165,0.077751009,0.093733543,0.091915097,0.012565308,0.015647263,0.061976776,0.424230998,0.072098559,0.19636995,0.156709275,0.060401853,0.144162169,0.915201648,0.851739796,0.053753747,100.2175,100.655
6/3/2018,0.18250993,0.817490075,0.417586214,0.238202246,0.073133548,0.161864162,0.112647694,0.009813873,0.003260504,0.039888185,0.433374441,0.064470338,0.174988177,0.229671213,0.044533272,0.165232348,0.966182991,0.896477832,0.096358161,100.185,100.77
6/4/2018,0.159324549,0.840675453,0.388094956,0.327278127,0.048204935,0.173101183,0.063320805,0.008463022,0.003033148,0.043586402,0.515417636,0.044143153,0.164355045,0.171522246,0.049479342,0.109729926,0.992590645,0.884214975,0.021369623,100.12,100.46
6/5/2018,0.1424485,0.857551502,0.328678073,0.437955122,0.04026455,0.122773781,0.090411174,0.008683074,0.006591174,0.053848413,0.374814211,0.054205666,0.250650002,0.198640893,0.052566562,0.171276822,0.982552324,0.843731542,0.063425466,100.21,100.4
6/6/2018,0.133395155,0.866604851,0.345238631,0.437932318,0.044876669,0.119030441,0.05292195,0.010271221,0.011604301,0.049338921,0.433475964,0.060841483,0.230448183,0.162035809,0.041984105,0.137225283,0.965774117,0.851245978,0.090013159,100.83,100.51
6/7/2018,0.146572543,0.853427457,0.313810584,0.443404707,0.058338396,0.137217196,0.047229125,0.013552208,0.014090704,0.055098887,0.423012892,0.056262022,0.195335325,0.196697992,0.045949966,0.126417048,0.987784501,0.854476828,0.081356731,101.16,101.18
6/8/2018,0.135489845,0.864510161,0.373255062,0.351523436,0.059261042,0.117067286,0.098893176,0.011745349,0.011221379,0.056434506,0.390307119,0.044835328,0.235448354,0.208122828,0.041885124,0.160428242,0.990166064,0.835015776,0.070452949,102.49,101.5375
6/9/2018,0.194305429,0.80569457,0.353810978,0.266488975,0.053788738,0.201440689,0.124470626,0.008542286,0.008734923,0.054858384,0.500382991,0.039208031,0.162624655,0.169792576,0.055856144,0.099046939,0.98500583,0.86647836,0.060085413,102.67,101.895
6/10/2018,0.185681406,0.814318594,0.387829309,0.275756306,0.074988396,0.164490388,0.117416344,0.012798361,0.006676509,0.057981939,0.49692086,0.035966516,0.169287101,0.186905116,0.033463593,0.15315005,0.999810728,0.870814381,0.012659019,102.85,102.61
6/11/2018,0.139827278,0.860172725,0.311273525,0.383306954,0.037470425,0.152527556,0.119672238,0.009769982,0.006121131,0.065512201,0.492753482,0.042499761,0.17360646,0.17033342,0.039403558,0.128246682,0.978665005,0.843771732,0.056116273,103.21,103.23
6/12/2018,0.143394153,0.856605849,0.40389609,0.320750484,0.05678059,0.147909,0.078611898,0.012878202,0.018511673,0.056857965,0.385567076,0.043125984,0.232187667,0.206949262,0.04392216,0.202125111,0.970628525,0.814114016,0.046803523,104.48,104.16
6/13/2018,0.162219531,0.837780465,0.238626226,0.466218791,0.043414878,0.156353282,0.095386827,0.010756513,0.004071403,0.042632464,0.475515691,0.043051251,0.183103775,0.195570509,0.045298378,0.137704497,0.999033399,0.87126733,0.041371623,105.27,105.26
6/14/2018,0.106856241,0.893143766,0.359334496,0.411094387,0.03982483,0.126415211,0.075375707,0.012866668,0.0142934,0.06176766,0.396308683,0.049210247,0.223026007,0.19306817,0.049459146,0.176045149,0.969982951,0.800047637,0.077030403,105.13,105.1
6/15/2018,0.140720561,0.859279455,0.238095148,0.444140595,0.077790709,0.121093378,0.118880167,0.010783086,0.00690933,0.059395483,0.399766504,0.051267892,0.229453857,0.197293301,0.045130547,0.146668761,0.984124889,0.885320091,0.036741862,107.61,105.5775
6/16/2018,0.119939672,0.880060334,0.425881828,0.323371212,0.03896618,0.128103132,0.083677648,0.012021348,0.023938824,0.073513963,0.301438105,0.077532985,0.259938426,0.206417374,0.045198981,0.165885943,0.961921468,0.797150967,0.185427027,107.0525,106.055
6/17/2018,0.240262584,0.759737421,0.395283112,0.241623082,0.071048324,0.108311356,0.183734135,0.008539563,0.002620656,0.03184062,0.485600493,0.040727167,0.203343023,0.16855625,0.058772223,0.152990941,0.988965236,0.905326528,0.012090546,106.495,107.01
6/18/2018,0.140468125,0.859531872,0.412726777,0.335627965,0.055103123,0.138368126,0.07724597,0.010587923,0.006057117,0.049241513,0.429023828,0.041912592,0.242850121,0.175880746,0.044446152,0.144596551,0.994510487,0.8643047,0.025641198,105.38,105.49
6/19/2018,0.134434982,0.865565019,0.315893461,0.418773555,0.049250412,0.149643039,0.086015114,0.008550124,0.004126617,0.042813242,0.41619061,0.05179932,0.279190146,0.144547172,0.052782761,0.139246086,0.98675617,0.859634521,0.044493585,105.96,105.73
6/20/2018,0.100362372,0.899637627,0.375276466,0.412008001,0.044313214,0.090214396,0.080514246,0.010970336,0.009032523,0.049479239,0.434351407,0.046441256,0.245467086,0.158364767,0.045893377,0.152322692,0.969668107,0.836508288,0.073142504,105.81,106.57
6/21/2018,0.132505729,0.867494269,0.273250165,0.456711428,0.061317191,0.160133717,0.081670989,0.013776271,0.006563192,0.055440228,0.447805951,0.049754115,0.183158996,0.19675691,0.046744325,0.124577345,0.973253006,0.850043078,0.049713968,107.24,107.24
6/22/2018,0.078916644,0.921083354,0.282338295,0.222518732,0.02668585,0.178194133,0.393407165,0.018886239,0.011559125,0.074473532,0.359423639,0.063238516,0.193709262,0.240223161,0.038486522,0.111766034,0.987545319,0.831446973,0.115655956,108.37,107.3575
6/23/2018,0.176883605,0.823116398,0.381183876,0.25706043,0.074163281,0.173130524,0.115261985,0.034152843,0.198532788,0.212428234,0.06684741,0.033754016,0.318865868,0.115072403,0.020346463,0.776452013,0.560094982,0.10529683,0.599247014,108.525,107.475
6/24/2018,0.159095594,0.840904407,0.416820903,0.233643458,0.068658271,0.148299591,0.134503292,0.031421685,0.185929577,0.228861495,0.098224649,0.030827651,0.29825184,0.103700388,0.022782724,0.608010016,0.658222606,0.168901029,0.563334639,108.68,107.71
6/25/2018,0.157307041,0.842692964,0.362312087,0.284743283,0.065453725,0.157488957,0.134067609,0.024696179,0.130835019,0.201974721,0.146471427,0.035276302,0.306953778,0.125569805,0.028222776,0.456920528,0.784452343,0.346984157,0.386564378,108.99,109.05
6/26/2018,0.158921725,0.841078277,0.400466677,0.207242739,0.060408861,0.193250583,0.143754701,0.019722221,0.089931655,0.156265758,0.207125407,0.039104021,0.28744284,0.173267155,0.02714096,0.481113835,0.869390508,0.446321785,0.23520357,108.05,108.37
6/27/2018,0.10457033,0.895429674,0.262625103,0.414233885,0.039581479,0.216356578,0.079221035,0.015874344,0.042103786,0.09707771,0.355561981,0.037416023,0.257639905,0.161083907,0.033242331,0.245496394,0.959665407,0.679189879,0.092639331,108.27,108.42
6/28/2018,0.133279725,0.866720277,0.390017707,0.320385474,0.043372761,0.147531275,0.098692789,0.011618275,0.020550862,0.061962553,0.394265833,0.054995823,0.247966198,0.165212313,0.04342813,0.17927864,0.94691547,0.81026702,0.099329306,108.68,108.72
6/29/2018,0.102588773,0.897411231,0.338532097,0.241800074,0.042093284,0.174005115,0.304547166,0.019384605,0.017937167,0.081066555,0.31937116,0.075884903,0.227446945,0.2160609,0.042847761,0.146493406,0.942528709,0.772249767,0.202274876,108.87,108.715
6/30/2018,0.209350675,0.790649321,0.42794909,0.191102505,0.059500202,0.260436373,0.061011843,0.011723372,0.030244105,0.061486955,0.376103289,0.051921149,0.27176459,0.14650944,0.050247099,0.246309996,0.917888618,0.755853603,0.137870691,109.035,108.71
7/1/2018,0.15141281,0.84858719,0.448084458,0.264051656,0.06083049,0.138258199,0.088775194,0.009174873,0.006651609,0.099435329,0.271069975,0.040892221,0.309834363,0.216298744,0.046642874,0.161964128,0.998076906,0.758467169,0.075751723,109.2,108.7
7/2/2018,0.144175281,0.855824709,0.466458538,0.223325358,0.052379335,0.153093836,0.104742941,0.010567698,0.005411805,0.053840477,0.464945352,0.067322091,0.202686124,0.141684987,0.053541471,0.068588686,0.951640804,0.864613288,0.120429239,109.53,108.58
7/3/2018,0.125185558,0.874814446,0.389687133,0.373891818,0.038512835,0.126643957,0.071264264,0.013282028,0.024120289,0.08544399,0.42550625,0.035647952,0.194386589,0.179989478,0.041623416,0.18964349,0.974455771,0.788403532,0.12069471,108.8,108.745
7/4/2018,0.117663963,0.88233604,0.352431909,0.360062691,0.049778223,0.177100584,0.070281763,0.007717983,0.006422546,0.051937168,0.441908972,0.042288708,0.217138487,0.184523476,0.048062658,0.142877557,0.981397098,0.875729515,0.02233138,109.175,108.91
7/5/2018,0.12125093,0.87874907,0.422845845,0.308656444,0.061257381,0.123319648,0.083920687,0.010583834,0.022133012,0.060380105,0.340992809,0.032971049,0.349666058,0.146057458,0.03721567,0.257097192,0.991293361,0.760522992,0.010897824,109.55,109.49
7/6/2018,0.154535017,0.845464993,0.458444427,0.279526999,0.047709198,0.169666572,0.044652803,0.009706178,0.01252492,0.057442978,0.389928934,0.042527395,0.300078871,0.13501035,0.052780363,0.174429192,0.966322306,0.787561431,0.049920472,109.56,109.4
7/7/2018,0.10966787,0.890332127,0.277030763,0.520151756,0.039348462,0.143619095,0.039436726,0.008061386,0.011807641,0.061782268,0.364906117,0.05713791,0.231575367,0.23955026,0.025179013,0.162807021,0.999453012,0.856982064,0.026213077,109.11,109.31
7/8/2018,0.109183161,0.890816821,0.59555314,0.231874699,0.059436175,0.078039614,0.035096367,0.007981194,0.00259852,0.051303004,0.554758658,0.047551374,0.163684201,0.131219026,0.040904036,0.083483322,0.997921163,0.916581854,0.069400092,108.66,109.13
7/9/2018,0.163520947,0.836479043,0.368072774,0.325299538,0.04985929,0.16810454,0.088663852,0.011358911,0.007805516,0.04578855,0.309429649,0.059155473,0.297503777,0.203876644,0.065081471,0.195867098,0.94018339,0.871508682,0.06428842,107.76,110.62
7/10/2018,0.153152738,0.84684727,0.46269154,0.274130754,0.057811394,0.13046592,0.074900399,0.011873252,0.003977455,0.048945871,0.459375785,0.051495341,0.182889765,0.194366379,0.047076137,0.083304965,0.998790067,0.879968216,0.023001142,112.89,112.64
7/11/2018,0.119181449,0.88081855,0.390494191,0.337124683,0.046225162,0.148581804,0.082572972,0.011166267,0.005667194,0.059419453,0.429969822,0.047204074,0.211345858,0.198214378,0.03701296,0.121595955,0.99731434,0.844878511,0.036181256,112.54,112.54
7/12/2018,0.119568322,0.880431683,0.368473433,0.354933387,0.04112098,0.128372542,0.10709966,0.011433699,0.009743285,0.065661427,0.380791254,0.049806347,0.246441015,0.191927938,0.04419503,0.139685655,0.985692278,0.815489448,0.04418944,111.53,111.68
7/13/2018,0.178779694,0.821220309,0.293184067,0.354867412,0.051477346,0.200366851,0.100104326,0.016227007,0.009984856,0.056036064,0.448958444,0.052515123,0.187539296,0.190643797,0.038095404,0.138420212,0.974209793,0.840435903,0.068369119,112.69,111.9
7/14/2018,0.165204423,0.834795582,0.448783654,0.235704281,0.060726827,0.182887841,0.071897395,0.011280258,0.006227254,0.05283374,0.485013595,0.044703036,0.174028621,0.180248551,0.045664927,0.122888693,0.983964434,0.839336361,0.049220153,112.7575,112.12
7/15/2018,0.174918225,0.825081776,0.475417301,0.171618667,0.087329035,0.153355332,0.124782603,0.014376574,0.035504778,0.07777542,0.440886428,0.04164545,0.177863428,0.17089376,0.041054144,0.221083464,0.920775535,0.746978705,0.111921874,112.825,112.56
7/16/2018,0.077183747,0.92281625,0.344103856,0.44450066,0.025674412,0.129179279,0.065980997,0.012594168,0.018118223,0.06271608,0.413049544,0.039372142,0.222955328,0.188506497,0.042688011,0.166880361,0.985704008,0.791008579,0.046107705,112.96,113.47
7/17/2018,0.136074463,0.863925534,0.223358305,0.576297677,0.032858898,0.069296536,0.098188595,0.011827961,0.01744956,0.068318356,0.466206851,0.050124173,0.207806577,0.140179767,0.038086744,0.156214784,0.961107745,0.82621662,0.105522885,114.88,113.74
8/16/2018,0.517727603,0.482272388,0.275690468,0.167898369,0.043885952,0.019720989,0.492804213,0.010582409,0.006315864,0.036078911,0.317487174,0.062040603,0.234162645,0.255998082,0.077334301,0.176674385,0.999076602,0.832650632,0.007887647,114.25,112
9/6/2018,0.405447443,0.594552557,0.296138479,0.137923362,0.033723612,0.074409264,0.481004661,0.009424524,0.00459282,0.030016387,0.301380498,0.141495074,0.247184301,0.20352544,0.062380967,0.245550315,0.988096418,0.827609598,0.023213677,113.5,112.85
9/7/2018,0.451329986,0.54867002,0.281088745,0.20413445,0.04407568,0.090714836,0.403831904,0.014948241,0.006220187,0.040064414,0.307750984,0.092393973,0.246252751,0.228014016,0.064355429,0.195534363,0.959902391,0.833536353,0.04327312,112.74,112.8675
9/8/2018,0.617930965,0.382069039,0.233306404,0.141007679,0.06440157,0.080078591,0.544313306,0.009217669,0.004048507,0.026665749,0.285716044,0.098439945,0.229690436,0.250987211,0.095234454,0.148555857,0.924983689,0.904326281,0.076705199,112.9475,112.885
9/9/2018,0.556524745,0.443475258,0.263455371,0.161967088,0.032179351,0.143216693,0.420716071,0.00867911,0.004600259,0.036759879,0.257249985,0.095854278,0.265704508,0.250289826,0.080862171,0.177329332,0.937378981,0.867089629,0.071225262,113.155,112.92
9/10/2018,0.40354803,0.596451972,0.217839263,0.403467224,0.086198084,0.08544383,0.227536206,0.011887711,0.007984844,0.04842541,0.306600423,0.079582657,0.268345091,0.208696234,0.068477637,0.146433699,0.946026251,0.869239427,0.079363189,113.57,111.85
9/11/2018,0.337302404,0.662697599,0.235703636,0.356757657,0.102548174,0.155170142,0.165757127,0.010746907,0.006472051,0.048549421,0.323361977,0.073841085,0.284403215,0.188504153,0.064121193,0.110054318,0.939435958,0.864964134,0.088547245,113.33,113.31
9/12/2018,0.874951632,0.125048367,0.046215963,0.05314175,0.026958125,0.830340865,0.044823065,0.012887184,0.003404599,0.053538148,0.193737865,0.208552917,0.35910057,0.124689219,0.044089475,0.020782809,0.943658228,0.981105016,0.221931964,113.85,114.49
9/13/2018,0.705369826,0.294630177,0.117375713,0.136698873,0.028932452,0.535093047,0.207503441,0.010048517,0.00426191,0.045813309,0.228543526,0.157635227,0.313064453,0.183384266,0.057248782,0.074759863,0.932140474,0.931867872,0.162785392,114.99,114.89
9/14/2018,0.504578195,0.495421803,0.213903334,0.178336216,0.071546284,0.300885834,0.263657896,0.009655856,0.006854429,0.054958365,0.307288214,0.105508322,0.248927999,0.206811879,0.059994936,0.144761522,0.965553181,0.86856129,0.08929722,114.57,114.8175
9/15/2018,0.468394377,0.531605624,0.250844287,0.191613041,0.042970814,0.323210303,0.206806739,0.009881192,0.008460573,0.042215825,0.317143681,0.113906513,0.283151597,0.170828441,0.054412185,0.118449275,0.932986009,0.876732652,0.113508564,114.7775,113.95
9/19/2018,0.337429023,0.662570972,0.245081937,0.280514614,0.077916676,0.218135682,0.178351091,0.013263531,0.005687992,0.048976019,0.325564702,0.074146937,0.251264867,0.218251538,0.062844403,0.122392751,0.961324562,0.843540198,0.080192791,113.77,114.23
9/20/2018,0.225198147,0.774801852,0.251139435,0.409389888,0.047222384,0.155426512,0.141134084,0.01317671,0.013284938,0.065882181,0.376103597,0.060270296,0.209181335,0.204718118,0.057382814,0.14071162,0.965186638,0.847632485,0.078493626,115.22,115.26
9/21/2018,0.31355477,0.686445237,0.199899367,0.331415101,0.09773014,0.18063608,0.199107121,0.013288601,0.012613039,0.073661137,0.354193748,0.067163484,0.214467896,0.183812515,0.080799565,0.088268236,0.979978194,0.8330259,0.07248732,114.91,114.97
9/22/2018,0.384970381,0.615029622,0.359695279,0.19318607,0.084508426,0.052662461,0.325434193,0.012687061,0.007728219,0.044041989,0.362053937,0.075276708,0.185666769,0.218515532,0.094029782,0.119682147,0.970875935,0.887838947,0.038216833,114.25,114.68
9/23/2018,0.328361192,0.671638805,0.315639915,0.227710446,0.077301668,0.219579145,0.170197841,0.010731979,0.012162264,0.067985899,0.273871619,0.073709004,0.263848965,0.210209282,0.087480983,0.144768624,0.956152599,0.822809199,0.089189349,113.59,114.1
9/24/2018,0.255923003,0.744076998,0.373490047,0.253411603,0.078411967,0.12997301,0.175812599,0.014034989,0.008634919,0.067668671,0.267439477,0.127005818,0.224950849,0.212261713,0.078003563,0.125499831,0.935015241,0.880131469,0.137315094,112.27,112.64
9/25/2018,0.907366188,0.092633812,0.145855178,0.146687577,0.244260666,0.146964529,0.321247605,0.012578069,0.005989272,0.050657347,0.268649297,0.129565406,0.353888483,0.14625871,0.032413427,0.087706958,0.970290373,0.911553656,0.099770231,111.97,112.27
9/26/2018,0.818412441,0.181587557,0.185606921,0.16931427,0.221505051,0.169899916,0.260349672,0.011995075,0.006121553,0.049563622,0.276862522,0.121784176,0.347412419,0.152244307,0.034016335,0.109458954,0.96750136,0.903936262,0.103730748,111.5,111.43
9/27/2018,0.507119317,0.492880683,0.239736726,0.308700086,0.131498029,0.132338842,0.18772632,0.013004415,0.008313745,0.056188397,0.317779351,0.083405203,0.299790119,0.183576885,0.037941884,0.144368479,0.979434468,0.858812867,0.069850843,111.05,111.54
9/28/2018,0.580641187,0.419358813,0.247958542,0.21409442,0.167459913,0.159012035,0.211475088,0.01397728,0.016547524,0.052944004,0.329296237,0.08416209,0.292727723,0.175939448,0.034405699,0.149635282,0.973565972,0.84973917,0.07239417,111.8,111.6925
9/29/2018,0.544670561,0.455329436,0.2525271,0.255101525,0.170581333,0.110075282,0.217975728,0.011569087,0.007062296,0.055884224,0.340653517,0.087347151,0.299955973,0.158264683,0.039263075,0.094934356,0.984464115,0.862925007,0.068784189,111.5275,111.845
9/30/2018,0.574255875,0.425744121,0.244463592,0.20429094,0.175727152,0.177616622,0.197901699,0.010463025,0.006539935,0.05508746,0.31993523,0.096046549,0.285007193,0.190053435,0.036867175,0.116110512,0.963308066,0.887194488,0.100966913,111.255,112.15
10/1/2018,0.350400901,0.649599103,0.296585072,0.296389879,0.107578759,0.161690662,0.154793545,0.010863273,0.015908908,0.038561599,0.334437459,0.065222546,0.308029088,0.182959342,0.044017791,0.197275395,0.956135261,0.825992449,0.086787575,110.71,110.45
10/2/2018,0.199759567,0.800240432,0.378404207,0.275911054,0.06192301,0.201801563,0.086151406,0.013225735,0.005480009,0.060527647,0.411546723,0.051893955,0.214211533,0.206448852,0.036665542,0.144264069,0.991375991,0.844436319,0.031584713,108.72,109.21
10/3/2018,0.141671065,0.858328937,0.311115342,0.373293245,0.058161643,0.205685721,0.064486689,0.012805217,0.01209146,0.062780192,0.462400896,0.044337786,0.200354357,0.167610722,0.037619354,0.162676785,0.989356783,0.816125429,0.062787064,107.52,106.85
10/4/2018,0.215392371,0.784607627,0.321917844,0.377968589,0.062761919,0.16007948,0.07833225,0.010724641,0.007122183,0.052356169,0.38492363,0.056989786,0.251527233,0.184590849,0.051765501,0.168569464,0.979264619,0.821522551,0.065789561,106.61,106.25
10/5/2018,0.224903681,0.775096319,0.278030919,0.408785419,0.093334648,0.099316591,0.123595864,0.013373434,0.010183697,0.049986933,0.4515961,0.05642904,0.199542241,0.178623147,0.040265398,0.126777806,0.990429881,0.855013095,0.037610905,106.49,106.2775
10/6/2018,0.267598282,0.732401712,0.329621118,0.293821228,0.088012456,0.140888162,0.147657038,0.012723332,0.009278043,0.053562619,0.38354789,0.065382973,0.234172279,0.17505445,0.066278406,0.126895928,0.93634659,0.863337856,0.14610539,106.915,106.305
10/7/2018,0.34800421,0.651995787,0.38830277,0.228825156,0.046724602,0.1727926,0.163354868,0.023682565,0.010857178,0.082139835,0.316050265,0.076565655,0.293128178,0.152403343,0.045172976,0.153244117,0.943452509,0.754296159,0.205751261,107.34,106.36
10/8/2018,0.142298734,0.857701263,0.321313671,0.443129046,0.053108303,0.104298888,0.078150096,0.015668031,0.017152445,0.066048846,0.387867508,0.052330499,0.222983384,0.170287676,0.06766161,0.17015498,0.954967711,0.81611349,0.107851217,108.19,108.68
10/9/2018,0.154121535,0.845878467,0.289923061,0.501095812,0.040589282,0.106380265,0.066817496,0.015670549,0.011756172,0.060645415,0.346598035,0.07206546,0.205486727,0.208689156,0.079088476,0.166761448,0.919798607,0.868148817,0.097554616,108.12,107.59
10/10/2018,0.140849965,0.859150035,0.338874439,0.432194284,0.039355904,0.123454577,0.070977834,0.014078064,0.014510835,0.059461149,0.348230996,0.11521829,0.191147037,0.197102607,0.060251015,0.161452022,0.934985597,0.850825284,0.117386166,107.34,108.21
10/11/2018,0.135462755,0.864537248,0.320840108,0.414715027,0.051748298,0.144154882,0.068541678,0.01154502,0.0081729,0.052225947,0.393279931,0.066955269,0.190712003,0.211396044,0.06571288,0.158434921,0.960739592,0.865444225,0.036222861,105.06,105.3
10/12/2018,0.131507006,0.868492997,0.345554174,0.374575098,0.038856605,0.142484526,0.11153697,0.010527495,0.009791425,0.042067292,0.413680236,0.038256001,0.201463969,0.236959033,0.047254531,0.21606927,0.988773838,0.876454628,0.030235776,105.28,105.275
10/13/2018,0.137670231,0.862329764,0.400429792,0.272237997,0.050182553,0.145505521,0.131644138,0.007696309,0.00347698,0.039677356,0.418163806,0.041524592,0.193996755,0.239858473,0.055605713,0.198457515,0.991404434,0.870531601,0.015146726,105.3675,105.25
10/14/2018,0.168956513,0.831043482,0.450527851,0.285357585,0.040970497,0.124337242,0.098806829,0.020455946,0.019033236,0.090855786,0.330390819,0.072240735,0.220865002,0.200919786,0.045238693,0.176881789,0.908438518,0.770761459,0.172813406,105.455,105.2
10/15/2018,0.151549872,0.848450132,0.364111462,0.258480822,0.049404595,0.186315824,0.147105205,0.011211673,0.012811682,0.075500796,0.365084654,0.059016931,0.243330961,0.185583823,0.047459477,0.166069706,0.975646674,0.813914568,0.087300257,105.63,106.31
10/16/2018,0.169152725,0.83084727,0.335381382,0.325709009,0.06471948,0.188925429,0.090521768,0.013133195,0.006603823,0.044828186,0.44339596,0.058631972,0.229094574,0.159695842,0.044616435,0.12511914,0.988218026,0.865445467,0.056866893,107.39,107.21
10/17/2018,0.130274526,0.869725472,0.281232806,0.454554291,0.042298443,0.181200417,0.058174008,0.01451655,0.009898087,0.065102794,0.40228352,0.041314319,0.206897878,0.214252955,0.045733888,0.140359362,0.995993641,0.845814524,0.056442584,108.31,108.48
10/18/2018,0.133879822,0.866120181,0.350114221,0.396120453,0.038202444,0.149924623,0.06563826,0.009603579,0.005412677,0.049745827,0.410860178,0.050736818,0.230105659,0.1881808,0.055354457,0.168988965,0.974784425,0.864255351,0.049893136,107.93,108.59
10/19/2018,0.130845636,0.86915437,0.293652469,0.424686343,0.044826814,0.180400477,0.056433897,0.010994013,0.007797536,0.081832329,0.45662654,0.041754655,0.190378091,0.169423896,0.041192912,0.135071403,0.969334887,0.825890909,0.077742995,110.29,108.965
10/20/2018,0.190233937,0.809766069,0.379591011,0.315306938,0.052201423,0.135197246,0.117703383,0.010557629,0.017848092,0.070981368,0.37640456,0.057087552,0.235202127,0.186668361,0.0452503,0.163856374,0.964378586,0.827135042,0.110204671,110.0675,109.34
10/21/2018,0.133388684,0.866611317,0.397803668,0.376400138,0.036777421,0.10016883,0.088849943,0.008482097,0.003827556,0.104204621,0.501271976,0.022565919,0.196239918,0.134554507,0.028853389,0.099922005,0.971835523,0.852423784,0.069749303,109.845,110.09
10/22/2018,0.172100423,0.827899586,0.264206968,0.429143034,0.075633485,0.146177,0.084839516,0.0086692,0.003809824,0.049102851,0.408671752,0.029852819,0.24298952,0.212604058,0.044299974,0.204288256,0.990335565,0.839354235,0.0189529,109.4,108.93
10/23/2018,0.155752676,0.844247324,0.363382683,0.393235768,0.04478024,0.115575449,0.085233614,0.010867466,0.007082817,0.047997148,0.407553497,0.050113395,0.249241042,0.174767493,0.05237713,0.149490692,0.952863069,0.834142457,0.048313001,110.13,110.2
10/24/2018,0.15801971,0.841980287,0.348798466,0.392610113,0.051639498,0.147041832,0.059910095,0.010785594,0.008052683,0.054902654,0.406918705,0.046134431,0.234122092,0.19477219,0.044311641,0.162288826,0.987098502,0.847281881,0.052864681,112.96,112.96
10/25/2018,0.149160844,0.850839154,0.416357888,0.28494241,0.037098374,0.189682866,0.08050953,0.011901832,0.005881074,0.056964341,0.420168449,0.047619621,0.224429357,0.192279855,0.040755465,0.132033987,0.970062884,0.820151374,0.0799933,112.85,111.62
10/26/2018,0.133019608,0.866980391,0.402278591,0.385775272,0.041779281,0.123719109,0.073153924,0.012255974,0.005548642,0.046666903,0.420594209,0.047474955,0.231648516,0.191062104,0.044748685,0.160388176,0.983242504,0.848712367,0.023607782,110.45,111.5375
10/27/2018,0.207996974,0.792003035,0.400799899,0.312914474,0.064876218,0.078959013,0.1424504,0.015778345,0.009665376,0.083173729,0.340625118,0.055793453,0.267917769,0.16538349,0.061662709,0.157956823,0.954782923,0.793455149,0.102062393,111.06,111.455
10/28/2018,0.127820221,0.872179779,0.374878243,0.406892639,0.061618092,0.066779096,0.089831926,0.008939891,0.00578185,0.045713579,0.416222999,0.046585408,0.246679453,0.185562162,0.044514637,0.143160183,0.993410817,0.862067265,0.037829695,111.67,111.29
10/29/2018,0.118343192,0.881656806,0.399136064,0.33936272,0.036909974,0.167721212,0.065392006,0.010259414,0.011354334,0.044778108,0.401546552,0.05122075,0.251684588,0.185184617,0.04397163,0.148335429,0.982714755,0.85811035,0.051205217,112.89,113.75
10/30/2018,0.151404471,0.848595531,0.358527547,0.297764819,0.079689154,0.200750018,0.067264795,0.010845408,0.00610401,0.054215228,0.405080027,0.055569565,0.206544327,0.219791423,0.041850006,0.161257933,0.978310554,0.8535959,0.063232236,113.77,113.49
10/31/2018,0.124848836,0.875151168,0.493177323,0.271811732,0.074951552,0.111718744,0.052116087,0.009171665,0.008386648,0.051810502,0.421511038,0.047914753,0.227181439,0.184855634,0.049168315,0.144874077,0.985872673,0.858000023,0.058198041,112.38,112
11/1/2018,0.175719864,0.824280133,0.348251797,0.249569337,0.181726468,0.181118201,0.069113479,0.01016654,0.007302583,0.047491542,0.48790831,0.040925466,0.184326554,0.176802317,0.045076677,0.122351621,0.988995341,0.85495225,0.043009833,111.51,111.49
11/2/2018,0.245092483,0.754907522,0.373267786,0.273139437,0.143051679,0.157429521,0.079242067,0.010901239,0.008500412,0.043092172,0.475677445,0.043349144,0.201790468,0.175759821,0.040929294,0.132023213,0.979496428,0.875611729,0.057976391,111.17,111.54
11/3/2018,0.180012313,0.819987691,0.323594643,0.343264285,0.053646359,0.206871429,0.080322536,0.013833635,0.00814936,0.092115957,0.414637911,0.052081886,0.200464296,0.182764649,0.035952309,0.097947034,0.968283011,0.811688638,0.087125407,111.975,111.59
11/4/2018,0.192204536,0.807795456,0.27861936,0.28581519,0.108487179,0.246084412,0.083538379,0.010635217,0.010048499,0.075723667,0.543606935,0.034253523,0.144570988,0.155632978,0.025528198,0.11882597,0.97045236,0.820557904,0.090303914,112.78,111.69
11/5/2018,0.192153441,0.807846563,0.47604086,0.228936476,0.09166611,0.148519453,0.059124723,0.00830193,0.006272224,0.047563932,0.456860375,0.040903277,0.211694402,0.177733536,0.050670319,0.162209136,0.975144916,0.864154843,0.026759594,114.39,114.03
11/6/2018,0.341907515,0.658092486,0.390963086,0.181517396,0.18517798,0.207872005,0.058693133,0.011078647,0.005762028,0.061801447,0.395352577,0.071707127,0.216313957,0.190466086,0.047518143,0.118018042,0.967388534,0.878843833,0.140137603,115.21,115.45
11/7/2018,0.856889394,0.143110605,0.047064729,0.046263846,0.661250209,0.043655215,0.202973216,0.015183713,0.005794834,0.061040625,0.354407834,0.138361336,0.214361085,0.1471373,0.063713294,0.033107863,0.895743464,0.943658676,0.376835406,115.61,115.38
11/8/2018,0.840042183,0.159957815,0.051358048,0.046158795,0.653820332,0.040434058,0.208228769,0.015750766,0.005101999,0.060916875,0.358854678,0.140071478,0.208300553,0.149564554,0.061439117,0.038669369,0.898190441,0.95159946,0.376526591,116.06,116.08
11/9/2018,0.697349313,0.302650681,0.127162083,0.10348841,0.634297438,0.082826553,0.052225521,0.012062318,0.00538066,0.053623287,0.373861603,0.12728221,0.224973201,0.13551271,0.067304023,0.052623724,0.903843069,0.937883413,0.323650309,117.48,116.31
11/10/2018,0.760141023,0.23985898,0.077053148,0.073790309,0.512655652,0.097499522,0.239001368,0.014632457,0.007654215,0.064889983,0.345904022,0.118941276,0.211503821,0.168893816,0.067580436,0.055405573,0.911289025,0.927273462,0.314002426,117.3525,116.54
11/11/2018,0.460771969,0.539228031,0.299694629,0.109727103,0.339489434,0.16325958,0.087829255,0.011576314,0.027215152,0.088618168,0.30320646,0.092709073,0.251952956,0.158749334,0.065972554,0.138385098,0.90056833,0.814923406,0.240112604,117.225,117
11/12/2018,0.322481925,0.677518076,0.255082694,0.310090699,0.245823282,0.122922535,0.066080785,0.009946586,0.007441412,0.048271753,0.447029609,0.06783195,0.202234573,0.172546974,0.044697134,0.133595721,0.956674695,0.87489577,0.122250573,116.97,117.75
11/13/2018,0.338182807,0.66181719,0.230174034,0.320011392,0.156133709,0.08992998,0.208314653,0.014592626,0.007692427,0.072210423,0.389474034,0.06797155,0.19759948,0.19996744,0.05049201,0.102783921,0.970579464,0.856791573,0.144894575,117.14,117.44
11/14/2018,0.416890386,0.583109616,0.182986459,0.220910083,0.13666748,0.142721372,0.31671461,0.016807548,0.01265109,0.085810193,0.382855448,0.065822264,0.189583413,0.205135515,0.04133452,0.099967532,0.970151044,0.800953173,0.19706357,116.65,116.43
